,,,SOC weight%,,,,,,,BD g/cm3,,,,,,,C Dens. g/cm3,,,,,
Upper depth (cm),Lower depth (cm),,mean,median,std,min,max,n,,mean,median,std,min,max,n,,mean,median,std,min,max,n
0,1,,11.7010487583,11.8850573766,6.9665422626,2.1600452155,21.0787119044,10,,0.4325762917,0.3512596232,0.2427802184,0.1090909091,0.7375,10,,0.0430821686,0.0357832539,0.0386171977,0.0145576769,0.148327597,10
1,2,,10.4657136198,8.9420492575,7.0879463253,2.1600452155,21.0787119044,8,,0.4094703646,0.3512596232,0.2446023757,0.1090909091,0.72,8,,0.0301662291,0.0288617482,0.0119925044,0.0145576769,0.046224,8
2,3,,8.6999972765,5.8130446223,6.9265869617,2.1600452155,21.0787119044,6,,0.4554257639,0.5241306305,0.2695109296,0.1090909091,0.72,6,,0.0266633548,0.0226498064,0.0116860148,0.0145576769,0.046224,6
3,4,,6.2242543509,5.2060892445,3.7419561624,2.1600452155,12.3060162382,5,,0.5246927349,0.6670753479,0.2341171224,0.18125,0.72,5,,0.0273970341,0.0223046544,0.0129099395,0.0145576769,0.046224,5
4,5,,6.2242543509,5.2060892445,3.7419561624,2.1600452155,12.3060162382,5,,0.5246927349,0.6670753479,0.2341171224,0.18125,0.72,5,,0.0273970341,0.0223046544,0.0129099395,0.0145576769,0.046224,5
5,6,,3.6130638791,3.594583136,1.7393050123,2.057,5.2060892445,4,,0.6955534186,0.6705138806,0.2786430471,0.3811859131,1.06,4,,0.022565179,0.0204872505,0.0086442983,0.0145576769,0.0347285379,4
6,7,,3.6130638791,3.594583136,1.7393050123,2.057,5.2060892445,4,,0.6955534186,0.6705138806,0.2786430471,0.3811859131,1.06,4,,0.022565179,0.0204872505,0.0086442983,0.0145576769,0.0347285379,4
7,8,,3.6130638791,3.594583136,1.7393050123,2.057,5.2060892445,4,,0.6955534186,0.6705138806,0.2786430471,0.3811859131,1.06,4,,0.022565179,0.0204872505,0.0086442983,0.0145576769,0.0347285379,4
8,9,,3.6130638791,3.594583136,1.7393050123,2.057,5.2060892445,4,,0.6955534186,0.6705138806,0.2786430471,0.3811859131,1.06,4,,0.022565179,0.0204872505,0.0086442983,0.0145576769,0.0347285379,4
9,10,,3.6130638791,3.594583136,1.7393050123,2.057,5.2060892445,4,,0.6955534186,0.6705138806,0.2786430471,0.3811859131,1.06,4,,0.022565179,0.0204872505,0.0086442983,0.0145576769,0.0347285379,4
10,11,,1.6160642768,1.4933977218,1.2943351572,0.4141277178,3.0633339458,4,,1.1381192376,1.0197003751,0.4594096146,0.7761259571,1.7369502431,4,,0.0143367322,0.0131390443,0.0080911914,0.0071931924,0.0238756478,4
11,12,,1.6160642768,1.4933977218,1.2943351572,0.4141277178,3.0633339458,4,,1.1381192376,1.0197003751,0.4594096146,0.7761259571,1.7369502431,4,,0.0143367322,0.0131390443,0.0080911914,0.0071931924,0.0238756478,4
12,13,,1.6160642768,1.4933977218,1.2943351572,0.4141277178,3.0633339458,4,,1.1381192376,1.0197003751,0.4594096146,0.7761259571,1.7369502431,4,,0.0143367322,0.0131390443,0.0080911914,0.0071931924,0.0238756478,4
13,14,,1.6160642768,1.4933977218,1.2943351572,0.4141277178,3.0633339458,4,,1.1381192376,1.0197003751,0.4594096146,0.7761259571,1.7369502431,4,,0.0143367322,0.0131390443,0.0080911914,0.0071931924,0.0238756478,4
14,15,,1.6160642768,1.4933977218,1.2943351572,0.4141277178,3.0633339458,4,,1.1381192376,1.0197003751,0.4594096146,0.7761259571,1.7369502431,4,,0.0143367322,0.0131390443,0.0080911914,0.0071931924,0.0238756478,4
15,16,,1.6150642768,1.4913977218,1.2953417839,0.4141277178,3.0633339458,4,,1.1431192376,1.0297003751,0.4612832869,0.7761259571,1.7369502431,4,,0.0143559322,0.0131774443,0.0080714118,0.0071931924,0.0238756478,4
16,17,,1.6150642768,1.4913977218,1.2953417839,0.4141277178,3.0633339458,4,,1.1431192376,1.0297003751,0.4612832869,0.7761259571,1.7369502431,4,,0.0143559322,0.0131774443,0.0080714118,0.0071931924,0.0238756478,4
17,18,,1.6150642768,1.4913977218,1.2953417839,0.4141277178,3.0633339458,4,,1.1431192376,1.0297003751,0.4612832869,0.7761259571,1.7369502431,4,,0.0143559322,0.0131774443,0.0080714118,0.0071931924,0.0238756478,4
18,19,,1.6150642768,1.4913977218,1.2953417839,0.4141277178,3.0633339458,4,,1.1431192376,1.0297003751,0.4612832869,0.7761259571,1.7369502431,4,,0.0143559322,0.0131774443,0.0080714118,0.0071931924,0.0238756478,4
19,20,,1.6150642768,1.4913977218,1.2953417839,0.4141277178,3.0633339458,4,,1.1431192376,1.0297003751,0.4612832869,0.7761259571,1.7369502431,4,,0.0143559322,0.0131774443,0.0080714118,0.0071931924,0.0238756478,4
20,21,,0.7206391817,0.5935548951,0.6072593939,0.1261547673,1.5692921693,4,,1.4235672992,1.360706025,0.2918715231,1.1474874909,1.825369656,4,,0.0091206162,0.0080861213,0.0065403494,0.0023027908,0.0180074313,4
21,22,,0.7206391817,0.5935548951,0.6072593939,0.1261547673,1.5692921693,4,,1.4235672992,1.360706025,0.2918715231,1.1474874909,1.825369656,4,,0.0091206162,0.0080861213,0.0065403494,0.0023027908,0.0180074313,4
22,23,,0.7206391817,0.5935548951,0.6072593939,0.1261547673,1.5692921693,4,,1.4235672992,1.360706025,0.2918715231,1.1474874909,1.825369656,4,,0.0091206162,0.0080861213,0.0065403494,0.0023027908,0.0180074313,4
23,24,,0.7206391817,0.5935548951,0.6072593939,0.1261547673,1.5692921693,4,,1.4235672992,1.360706025,0.2918715231,1.1474874909,1.825369656,4,,0.0091206162,0.0080861213,0.0065403494,0.0023027908,0.0180074313,4
24,25,,0.7206391817,0.5935548951,0.6072593939,0.1261547673,1.5692921693,4,,1.4235672992,1.360706025,0.2918715231,1.1474874909,1.825369656,4,,0.0091206162,0.0080861213,0.0065403494,0.0023027908,0.0180074313,4
25,26,,0.7293891817,0.6110548951,0.6048046301,0.1261547673,1.5692921693,4,,1.4260672992,1.365706025,0.2903851534,1.1474874909,1.825369656,4,,0.0092488662,0.0083426213,0.0065024269,0.0023027908,0.0180074313,4
26,27,,0.7293891817,0.6110548951,0.6048046301,0.1261547673,1.5692921693,4,,1.4260672992,1.365706025,0.2903851534,1.1474874909,1.825369656,4,,0.0092488662,0.0083426213,0.0065024269,0.0023027908,0.0180074313,4
27,28,,0.7293891817,0.6110548951,0.6048046301,0.1261547673,1.5692921693,4,,1.4260672992,1.365706025,0.2903851534,1.1474874909,1.825369656,4,,0.0092488662,0.0083426213,0.0065024269,0.0023027908,0.0180074313,4
28,29,,0.7293891817,0.6110548951,0.6048046301,0.1261547673,1.5692921693,4,,1.4260672992,1.365706025,0.2903851534,1.1474874909,1.825369656,4,,0.0092488662,0.0083426213,0.0065024269,0.0023027908,0.0180074313,4
29,30,,0.7293891817,0.6110548951,0.6048046301,0.1261547673,1.5692921693,4,,1.4260672992,1.365706025,0.2903851534,1.1474874909,1.825369656,4,,0.0092488662,0.0083426213,0.0065024269,0.0023027908,0.0180074313,4
30,31,,0.6614944587,0.6109762612,0.3998633164,0.2586927368,1.1653325755,4,,1.5431364173,1.3483401535,0.5482356759,1.1258738567,2.3499915054,4,,0.0089345558,0.0083830242,0.0035704628,0.005852,0.0131201748,4
31,32,,0.6614944587,0.6109762612,0.3998633164,0.2586927368,1.1653325755,4,,1.5431364173,1.3483401535,0.5482356759,1.1258738567,2.3499915054,4,,0.0089345558,0.0083830242,0.0035704628,0.005852,0.0131201748,4
32,33,,0.6614944587,0.6109762612,0.3998633164,0.2586927368,1.1653325755,4,,1.5431364173,1.3483401535,0.5482356759,1.1258738567,2.3499915054,4,,0.0089345558,0.0083830242,0.0035704628,0.005852,0.0131201748,4
33,34,,0.6614944587,0.6109762612,0.3998633164,0.2586927368,1.1653325755,4,,1.5431364173,1.3483401535,0.5482356759,1.1258738567,2.3499915054,4,,0.0089345558,0.0083830242,0.0035704628,0.005852,0.0131201748,4
34,35,,0.6614944587,0.6109762612,0.3998633164,0.2586927368,1.1653325755,4,,1.5431364173,1.3483401535,0.5482356759,1.1258738567,2.3499915054,4,,0.0089345558,0.0083830242,0.0035704628,0.005852,0.0131201748,4
35,36,,0.6039944587,0.5203226296,0.4550584089,0.21,1.1653325755,4,,1.5281364173,1.3183401535,0.5567654919,1.1258738567,2.3499915054,4,,0.0081383058,0.0083830242,0.0046722109,0.002667,0.0131201748,4
36,37,,0.6039944587,0.5203226296,0.4550584089,0.21,1.1653325755,4,,1.5281364173,1.3183401535,0.5567654919,1.1258738567,2.3499915054,4,,0.0081383058,0.0083830242,0.0046722109,0.002667,0.0131201748,4
37,38,,0.6039944587,0.5203226296,0.4550584089,0.21,1.1653325755,4,,1.5281364173,1.3183401535,0.5567654919,1.1258738567,2.3499915054,4,,0.0081383058,0.0083830242,0.0046722109,0.002667,0.0131201748,4
38,39,,0.6039944587,0.5203226296,0.4550584089,0.21,1.1653325755,4,,1.5281364173,1.3183401535,0.5567654919,1.1258738567,2.3499915054,4,,0.0081383058,0.0083830242,0.0046722109,0.002667,0.0131201748,4
39,40,,0.6039944587,0.5203226296,0.4550584089,0.21,1.1653325755,4,,1.5281364173,1.3183401535,0.5567654919,1.1258738567,2.3499915054,4,,0.0081383058,0.0083830242,0.0046722109,0.002667,0.0131201748,4
40,41,,0.8236848911,1.1557220978,0.583448018,0.15,1.1653325755,3,,1.2086246189,1.24,0.0723585965,1.1258738567,1.26,3,,0.0097886832,0.0131201748,0.0068683066,0.00189,0.0143558749,3
41,42,,0.8236848911,1.1557220978,0.583448018,0.15,1.1653325755,3,,1.2086246189,1.24,0.0723585965,1.1258738567,1.26,3,,0.0097886832,0.0131201748,0.0068683066,0.00189,0.0143558749,3
42,43,,0.8236848911,1.1557220978,0.583448018,0.15,1.1653325755,3,,1.2086246189,1.24,0.0723585965,1.1258738567,1.26,3,,0.0097886832,0.0131201748,0.0068683066,0.00189,0.0143558749,3
43,44,,0.8236848911,1.1557220978,0.583448018,0.15,1.1653325755,3,,1.2086246189,1.24,0.0723585965,1.1258738567,1.26,3,,0.0097886832,0.0131201748,0.0068683066,0.00189,0.0143558749,3
44,45,,0.8236848911,1.1557220978,0.583448018,0.15,1.1653325755,3,,1.2086246189,1.24,0.0723585965,1.1258738567,1.26,3,,0.0097886832,0.0131201748,0.0068683066,0.00189,0.0143558749,3
45,46,,0.6369908898,0.5052505715,0.4670115236,0.25,1.1557220978,3,,1.3409737834,1.38,0.0881936833,1.24,1.4029213502,3,,0.0082980477,0.0070882681,0.0055526752,0.00345,0.0143558749,3
46,47,,0.6369908898,0.5052505715,0.4670115236,0.25,1.1557220978,3,,1.3409737834,1.38,0.0881936833,1.24,1.4029213502,3,,0.0082980477,0.0070882681,0.0055526752,0.00345,0.0143558749,3
47,48,,0.6369908898,0.5052505715,0.4670115236,0.25,1.1557220978,3,,1.3409737834,1.38,0.0881936833,1.24,1.4029213502,3,,0.0082980477,0.0070882681,0.0055526752,0.00345,0.0143558749,3
48,49,,0.6369908898,0.5052505715,0.4670115236,0.25,1.1557220978,3,,1.3409737834,1.38,0.0881936833,1.24,1.4029213502,3,,0.0082980477,0.0070882681,0.0055526752,0.00345,0.0143558749,3
49,50,,0.6369908898,0.5052505715,0.4670115236,0.25,1.1557220978,3,,1.3409737834,1.38,0.0881936833,1.24,1.4029213502,3,,0.0082980477,0.0070882681,0.0055526752,0.00345,0.0143558749,3
50,51,,0.3801880401,0.3476252858,0.2285762929,0.1860256617,0.6394759273,4,,1.5648692298,1.4064606751,0.4349379145,1.24,2.206555569,4,,0.0054538296,0.0055965139,0.002475781,0.002679,0.0079432905,4
51,52,,0.3801880401,0.3476252858,0.2285762929,0.1860256617,0.6394759273,4,,1.5648692298,1.4064606751,0.4349379145,1.24,2.206555569,4,,0.0054538296,0.0055965139,0.002475781,0.002679,0.0079432905,4
52,53,,0.3801880401,0.3476252858,0.2285762929,0.1860256617,0.6394759273,4,,1.5648692298,1.4064606751,0.4349379145,1.24,2.206555569,4,,0.0054538296,0.0055965139,0.002475781,0.002679,0.0079432905,4
53,54,,0.3801880401,0.3476252858,0.2285762929,0.1860256617,0.6394759273,4,,1.5648692298,1.4064606751,0.4349379145,1.24,2.206555569,4,,0.0054538296,0.0055965139,0.002475781,0.002679,0.0079432905,4
54,55,,0.3801880401,0.3476252858,0.2285762929,0.1860256617,0.6394759273,4,,1.5648692298,1.4064606751,0.4349379145,1.24,2.206555569,4,,0.0054538296,0.0055965139,0.002475781,0.002679,0.0079432905,4
55,56,,0.4376880401,0.4626252858,0.1905517135,0.1860256617,0.6394759273,4,,1.5573692298,1.3914606751,0.4387406684,1.24,2.206555569,4,,0.0062330796,0.0064421341,0.001671023,0.0041047596,0.0079432905,4
56,57,,0.4376880401,0.4626252858,0.1905517135,0.1860256617,0.6394759273,4,,1.5573692298,1.3914606751,0.4387406684,1.24,2.206555569,4,,0.0062330796,0.0064421341,0.001671023,0.0041047596,0.0079432905,4
57,58,,0.4376880401,0.4626252858,0.1905517135,0.1860256617,0.6394759273,4,,1.5573692298,1.3914606751,0.4387406684,1.24,2.206555569,4,,0.0062330796,0.0064421341,0.001671023,0.0041047596,0.0079432905,4
58,59,,0.4376880401,0.4626252858,0.1905517135,0.1860256617,0.6394759273,4,,1.5573692298,1.3914606751,0.4387406684,1.24,2.206555569,4,,0.0062330796,0.0064421341,0.001671023,0.0041047596,0.0079432905,4
59,60,,0.4376880401,0.4626252858,0.1905517135,0.1860256617,0.6394759273,4,,1.5573692298,1.3914606751,0.4387406684,1.24,2.206555569,4,,0.0062330796,0.0064421341,0.001671023,0.0041047596,0.0079432905,4
60,61,,1.1480531459,1.1480531459,0.584145361,0.735,1.5611062919,2,,1.295,1.295,0.0777817459,1.24,1.35,2,,0.0146569401,0.0146569401,0.0066955094,0.0099225,0.0193913802,2
61,62,,1.1480531459,1.1480531459,0.584145361,0.735,1.5611062919,2,,1.295,1.295,0.0777817459,1.24,1.35,2,,0.0146569401,0.0146569401,0.0066955094,0.0099225,0.0193913802,2
62,63,,1.1480531459,1.1480531459,0.584145361,0.735,1.5611062919,2,,1.295,1.295,0.0777817459,1.24,1.35,2,,0.0146569401,0.0146569401,0.0066955094,0.0099225,0.0193913802,2
63,64,,1.1480531459,1.1480531459,0.584145361,0.735,1.5611062919,2,,1.295,1.295,0.0777817459,1.24,1.35,2,,0.0146569401,0.0146569401,0.0066955094,0.0099225,0.0193913802,2
64,65,,1.1480531459,1.1480531459,0.584145361,0.735,1.5611062919,2,,1.295,1.295,0.0777817459,1.24,1.35,2,,0.0146569401,0.0146569401,0.0066955094,0.0099225,0.0193913802,2
65,66,,1.1690076003,1.210916509,0.4146446296,0.735,1.5611062919,3,,1.4947134368,1.35,0.3502590049,1.24,1.8941403104,3,,0.0174167793,0.0193913802,0.0067279314,0.0099225,0.0229364577,3
66,67,,1.1690076003,1.210916509,0.4146446296,0.735,1.5611062919,3,,1.4947134368,1.35,0.3502590049,1.24,1.8941403104,3,,0.0174167793,0.0193913802,0.0067279314,0.0099225,0.0229364577,3
67,68,,1.1690076003,1.210916509,0.4146446296,0.735,1.5611062919,3,,1.4947134368,1.35,0.3502590049,1.24,1.8941403104,3,,0.0174167793,0.0193913802,0.0067279314,0.0099225,0.0229364577,3
68,69,,1.1690076003,1.210916509,0.4146446296,0.735,1.5611062919,3,,1.4947134368,1.35,0.3502590049,1.24,1.8941403104,3,,0.0174167793,0.0193913802,0.0067279314,0.0099225,0.0229364577,3
69,70,,1.2367909336,1.210916509,0.3121833823,0.93835,1.5611062919,3,,1.4913801035,1.34,0.3523660571,1.24,1.8941403104,3,,0.018300576,0.0193913802,0.0052666966,0.01257389,0.0229364577,3
70,71,,1.0616253052,1.1851083236,0.4252613583,0.4126454016,1.5611062919,5,,1.4255410266,1.34,0.3196990989,1.0738046469,1.8941403104,5,,0.0156109205,0.0187218693,0.0072774897,0.0044310055,0.0229364577,5
71,72,,1.0616253052,1.1851083236,0.4252613583,0.4126454016,1.5611062919,5,,1.4255410266,1.34,0.3196990989,1.0738046469,1.8941403104,5,,0.0156109205,0.0187218693,0.0072774897,0.0044310055,0.0229364577,5
72,73,,1.0616253052,1.1851083236,0.4252613583,0.4126454016,1.5611062919,5,,1.4255410266,1.34,0.3196990989,1.0738046469,1.8941403104,5,,0.0156109205,0.0187218693,0.0072774897,0.0044310055,0.0229364577,5
73,74,,1.0468953052,1.1851083236,0.4318236915,0.4126454016,1.5611062919,5,,1.4295410266,1.36,0.3184840711,1.0738046469,1.8941403104,5,,0.0154481265,0.0187218693,0.0073709153,0.0044310055,0.0229364577,5
74,75,,1.0468953052,1.1851083236,0.4318236915,0.4126454016,1.5611062919,5,,1.4295410266,1.36,0.3184840711,1.0738046469,1.8941403104,5,,0.0154481265,0.0187218693,0.0073709153,0.0044310055,0.0229364577,5
75,76,,1.0058900043,1.0249041618,0.4872569849,0.4126454016,1.5611062919,4,,1.3133912057,1.3,0.2128479866,1.0738046469,1.5797601759,4,,0.0135760437,0.0152408947,0.0070054191,0.0044310055,0.0193913802,4
76,77,,1.0058900043,1.0249041618,0.4872569849,0.4126454016,1.5611062919,4,,1.3133912057,1.3,0.2128479866,1.0738046469,1.5797601759,4,,0.0135760437,0.0152408947,0.0070054191,0.0044310055,0.0193913802,4
77,78,,1.0058900043,1.0249041618,0.4872569849,0.4126454016,1.5611062919,4,,1.3133912057,1.3,0.2128479866,1.0738046469,1.5797601759,4,,0.0135760437,0.0152408947,0.0070054191,0.0044310055,0.0193913802,4
78,79,,1.0058900043,1.0249041618,0.4872569849,0.4126454016,1.5611062919,4,,1.3133912057,1.3,0.2128479866,1.0738046469,1.5797601759,4,,0.0135760437,0.0152408947,0.0070054191,0.0044310055,0.0193913802,4
79,80,,1.0058900043,1.0249041618,0.4872569849,0.4126454016,1.5611062919,4,,1.3133912057,1.3,0.2128479866,1.0738046469,1.5797601759,4,,0.0135760437,0.0152408947,0.0070054191,0.0044310055,0.0193913802,4
80,81,,0.8578750057,1.0395174119,0.4625178842,0.1715031233,1.1809620756,4,,1.4496197258,1.4520432462,0.0936981592,1.35,1.5443924107,4,,0.0123332353,0.0142497442,0.0067662085,0.002594764,0.0182386887,4
81,82,,0.8578750057,1.0395174119,0.4625178842,0.1715031233,1.1809620756,4,,1.4496197258,1.4520432462,0.0936981592,1.35,1.5443924107,4,,0.0123332353,0.0142497442,0.0067662085,0.002594764,0.0182386887,4
82,83,,0.8578750057,1.0395174119,0.4625178842,0.1715031233,1.1809620756,4,,1.4496197258,1.4520432462,0.0936981592,1.35,1.5443924107,4,,0.0123332353,0.0142497442,0.0067662085,0.002594764,0.0182386887,4
83,84,,0.8578750057,1.0395174119,0.4625178842,0.1715031233,1.1809620756,4,,1.4496197258,1.4520432462,0.0936981592,1.35,1.5443924107,4,,0.0123332353,0.0142497442,0.0067662085,0.002594764,0.0182386887,4
84,85,,0.8578750057,1.0395174119,0.4625178842,0.1715031233,1.1809620756,4,,1.4496197258,1.4520432462,0.0936981592,1.35,1.5443924107,4,,0.0123332353,0.0142497442,0.0067662085,0.002594764,0.0182386887,4
85,86,,0.832688311,1.0402424119,0.5133092273,0.0693063447,1.1809620756,4,,1.5453776454,1.467762253,0.2409506413,1.36,1.8859860756,4,,0.0120419388,0.0143109792,0.0073967267,0.001307108,0.0182386887,4
86,87,,0.832688311,1.0402424119,0.5133092273,0.0693063447,1.1809620756,4,,1.5453776454,1.467762253,0.2409506413,1.36,1.8859860756,4,,0.0120419388,0.0143109792,0.0073967267,0.001307108,0.0182386887,4
87,88,,0.832688311,1.0402424119,0.5133092273,0.0693063447,1.1809620756,4,,1.5453776454,1.467762253,0.2409506413,1.36,1.8859860756,4,,0.0120419388,0.0143109792,0.0073967267,0.001307108,0.0182386887,4
88,89,,0.832688311,1.0402424119,0.5133092273,0.0693063447,1.1809620756,4,,1.5453776454,1.467762253,0.2409506413,1.36,1.8859860756,4,,0.0120419388,0.0143109792,0.0073967267,0.001307108,0.0182386887,4
89,90,,0.832688311,1.0402424119,0.5133092273,0.0693063447,1.1809620756,4,,1.5453776454,1.467762253,0.2409506413,1.36,1.8859860756,4,,0.0120419388,0.0143109792,0.0073967267,0.001307108,0.0182386887,4
90,91,,0.8808642786,1.0260543962,0.3314997583,0.3863483217,1.085,4,,1.3196917018,1.3805660476,0.2306744192,0.989943746,1.5276909661,4,,0.0121507619,0.0147463692,0.00555741,0.003824631,0.0152856781,4
91,92,,0.8808642786,1.0260543962,0.3314997583,0.3863483217,1.085,4,,1.3196917018,1.3805660476,0.2306744192,0.989943746,1.5276909661,4,,0.0121507619,0.0147463692,0.00555741,0.003824631,0.0152856781,4
92,93,,0.8808642786,1.0260543962,0.3314997583,0.3863483217,1.085,4,,1.3196917018,1.3805660476,0.2306744192,0.989943746,1.5276909661,4,,0.0121507619,0.0147463692,0.00555741,0.003824631,0.0152856781,4
93,94,,0.8808642786,1.0260543962,0.3314997583,0.3863483217,1.085,4,,1.3196917018,1.3805660476,0.2306744192,0.989943746,1.5276909661,4,,0.0121507619,0.0147463692,0.00555741,0.003824631,0.0152856781,4
94,95,,0.8808642786,1.0260543962,0.3314997583,0.3863483217,1.085,4,,1.3196917018,1.3805660476,0.2306744192,0.989943746,1.5276909661,4,,0.0121507619,0.0147463692,0.00555741,0.003824631,0.0152856781,4
95,96,,0.9860771981,1.0260543962,0.1242009526,0.8072,1.085,4,,1.3196917018,1.3805660476,0.2306744192,0.989943746,1.5276909661,4,,0.0131923106,0.0147463692,0.0034783011,0.0079908259,0.0152856781,4
96,97,,0.9860771981,1.0260543962,0.1242009526,0.8072,1.085,4,,1.3196917018,1.3805660476,0.2306744192,0.989943746,1.5276909661,4,,0.0131923106,0.0147463692,0.0034783011,0.0079908259,0.0152856781,4
97,98,,0.9860771981,1.0260543962,0.1242009526,0.8072,1.085,4,,1.3196917018,1.3805660476,0.2306744192,0.989943746,1.5276909661,4,,0.0131923106,0.0147463692,0.0034783011,0.0079908259,0.0152856781,4
98,99,,0.9860771981,1.0260543962,0.1242009526,0.8072,1.085,4,,1.3196917018,1.3805660476,0.2306744192,0.989943746,1.5276909661,4,,0.0131923106,0.0147463692,0.0034783011,0.0079908259,0.0152856781,4
99,100,,0.9860771981,1.0260543962,0.1242009526,0.8072,1.085,4,,1.3196917018,1.3805660476,0.2306744192,0.989943746,1.5276909661,4,,0.0131923106,0.0147463692,0.0034783011,0.0079908259,0.0152856781,4
100,101,,0.4492330984,0.4492330984,0.5799928844,0.0391161968,0.85935,2,,1.605,1.605,0.2757716447,1.41,1.8,2,,0.0064104633,0.0064104633,0.0080700283,0.0007040915,0.012116835,2
101,102,,0.4492330984,0.4492330984,0.5799928844,0.0391161968,0.85935,2,,1.605,1.605,0.2757716447,1.41,1.8,2,,0.0064104633,0.0064104633,0.0080700283,0.0007040915,0.012116835,2
102,103,,0.4492330984,0.4492330984,0.5799928844,0.0391161968,0.85935,2,,1.605,1.605,0.2757716447,1.41,1.8,2,,0.0064104633,0.0064104633,0.0080700283,0.0007040915,0.012116835,2
103,104,,0.4492330984,0.4492330984,0.5799928844,0.0391161968,0.85935,2,,1.605,1.605,0.2757716447,1.41,1.8,2,,0.0064104633,0.0064104633,0.0080700283,0.0007040915,0.012116835,2
104,105,,0.4492330984,0.4492330984,0.5799928844,0.0391161968,0.85935,2,,1.605,1.605,0.2757716447,1.41,1.8,2,,0.0064104633,0.0064104633,0.0080700283,0.0007040915,0.012116835,2
105,106,,0.0391161968,0.0391161968,0,0.0391161968,0.0391161968,1,,1.8,1.8,0,1.8,1.8,1,,0.0007040915,0.0007040915,0,0.0007040915,0.0007040915,1
106,107,,0.4644830984,0.4644830984,0.6015596412,0.0391161968,0.88985,2,,1.61,1.61,0.2687005769,1.42,1.8,2,,0.0066699808,0.0066699808,0.0084370415,0.0007040915,0.01263587,2
107,108,,0.4644830984,0.4644830984,0.6015596412,0.0391161968,0.88985,2,,1.61,1.61,0.2687005769,1.42,1.8,2,,0.0066699808,0.0066699808,0.0084370415,0.0007040915,0.01263587,2
108,109,,0.4644830984,0.4644830984,0.6015596412,0.0391161968,0.88985,2,,1.61,1.61,0.2687005769,1.42,1.8,2,,0.0066699808,0.0066699808,0.0084370415,0.0007040915,0.01263587,2
109,110,,0.4644830984,0.4644830984,0.6015596412,0.0391161968,0.88985,2,,1.61,1.61,0.2687005769,1.42,1.8,2,,0.0066699808,0.0066699808,0.0084370415,0.0007040915,0.01263587,2
110,111,,0.6184720656,0.88985,0.50207052,0.0391161968,0.92645,3,,1.53,1.42,0.2351595203,1.37,1.8,3,,0.0086774422,0.01263587,0.006905182,0.0007040915,0.012692365,3
111,112,,0.4827830984,0.4827830984,0.6274397494,0.0391161968,0.92645,2,,1.585,1.585,0.3040559159,1.37,1.8,2,,0.0066982283,0.0066982283,0.0084769895,0.0007040915,0.012692365,2
112,113,,0.4827830984,0.4827830984,0.6274397494,0.0391161968,0.92645,2,,1.585,1.585,0.3040559159,1.37,1.8,2,,0.0066982283,0.0066982283,0.0084769895,0.0007040915,0.012692365,2
113,114,,0.4827830984,0.4827830984,0.6274397494,0.0391161968,0.92645,2,,1.585,1.585,0.3040559159,1.37,1.8,2,,0.0066982283,0.0066982283,0.0084769895,0.0007040915,0.012692365,2
114,115,,0.4876830984,0.4876830984,0.6343693959,0.0391161968,0.93625,2,,1.615,1.615,0.261629509,1.43,1.8,2,,0.0070462333,0.0070462333,0.0089691428,0.0007040915,0.013388375,2
115,116,,0.4876830984,0.4876830984,0.6343693959,0.0391161968,0.93625,2,,1.615,1.615,0.261629509,1.43,1.8,2,,0.0070462333,0.0070462333,0.0089691428,0.0007040915,0.013388375,2
116,117,,0.4876830984,0.4876830984,0.6343693959,0.0391161968,0.93625,2,,1.615,1.615,0.261629509,1.43,1.8,2,,0.0070462333,0.0070462333,0.0089691428,0.0007040915,0.013388375,2
117,118,,0.4876830984,0.4876830984,0.6343693959,0.0391161968,0.93625,2,,1.615,1.615,0.261629509,1.43,1.8,2,,0.0070462333,0.0070462333,0.0089691428,0.0007040915,0.013388375,2
118,119,,0.4445330984,0.4445330984,0.5733460807,0.0391161968,0.84995,2,,1.625,1.625,0.2474873734,1.45,1.8,2,,0.0065141833,0.0065141833,0.0082167105,0.0007040915,0.012324275,2
119,120,,0.4445330984,0.4445330984,0.5733460807,0.0391161968,0.84995,2,,1.625,1.625,0.2474873734,1.45,1.8,2,,0.0065141833,0.0065141833,0.0082167105,0.0007040915,0.012324275,2
120,121,,0.4445330984,0.4445330984,0.5733460807,0.0391161968,0.84995,2,,1.625,1.625,0.2474873734,1.45,1.8,2,,0.0065141833,0.0065141833,0.0082167105,0.0007040915,0.012324275,2
121,122,,0.4445330984,0.4445330984,0.5733460807,0.0391161968,0.84995,2,,1.625,1.625,0.2474873734,1.45,1.8,2,,0.0065141833,0.0065141833,0.0082167105,0.0007040915,0.012324275,2
122,123,,0.4445330984,0.4445330984,0.5733460807,0.0391161968,0.84995,2,,1.625,1.625,0.2474873734,1.45,1.8,2,,0.0065141833,0.0065141833,0.0082167105,0.0007040915,0.012324275,2
123,124,,0.0391161968,0.0391161968,0,0.0391161968,0.0391161968,1,,1.8,1.8,0,1.8,1.8,1,,0.0007040915,0.0007040915,0,0.0007040915,0.0007040915,1
124,125,,0.4204830984,0.4204830984,0.5393342445,0.0391161968,0.80185,2,,1.635,1.635,0.2333452378,1.47,1.8,2,,0.0062456433,0.0062456433,0.0078369376,0.0007040915,0.011787195,2
125,126,,0.4204830984,0.4204830984,0.5393342445,0.0391161968,0.80185,2,,1.635,1.635,0.2333452378,1.47,1.8,2,,0.0062456433,0.0062456433,0.0078369376,0.0007040915,0.011787195,2
126,127,,0.4204830984,0.4204830984,0.5393342445,0.0391161968,0.80185,2,,1.635,1.635,0.2333452378,1.47,1.8,2,,0.0062456433,0.0062456433,0.0078369376,0.0007040915,0.011787195,2
127,128,,0.4204830984,0.4204830984,0.5393342445,0.0391161968,0.80185,2,,1.635,1.635,0.2333452378,1.47,1.8,2,,0.0062456433,0.0062456433,0.0078369376,0.0007040915,0.011787195,2
128,129,,0.6080720656,0.80185,0.5010085583,0.0391161968,0.98325,3,,1.5733333333,1.47,0.1965536398,1.45,1.8,3,,0.0089161372,0.011787195,0.0072182691,0.0007040915,0.014257125,3
129,130,,0.5111830984,0.5111830984,0.6676034146,0.0391161968,0.98325,2,,1.625,1.625,0.2474873734,1.45,1.8,2,,0.0074806083,0.0074806083,0.0095834419,0.0007040915,0.014257125,2
130,131,,0.5111830984,0.5111830984,0.6676034146,0.0391161968,0.98325,2,,1.625,1.625,0.2474873734,1.45,1.8,2,,0.0074806083,0.0074806083,0.0095834419,0.0007040915,0.014257125,2
131,132,,0.5111830984,0.5111830984,0.6676034146,0.0391161968,0.98325,2,,1.625,1.625,0.2474873734,1.45,1.8,2,,0.0074806083,0.0074806083,0.0095834419,0.0007040915,0.014257125,2
132,133,,0.5111830984,0.5111830984,0.6676034146,0.0391161968,0.98325,2,,1.625,1.625,0.2474873734,1.45,1.8,2,,0.0074806083,0.0074806083,0.0095834419,0.0007040915,0.014257125,2
133,134,,0.0391161968,0.0391161968,0,0.0391161968,0.0391161968,1,,1.8,1.8,0,1.8,1.8,1,,0.0007040915,0.0007040915,0,0.0007040915,0.0007040915,1
134,135,,0.0391161968,0.0391161968,0,0.0391161968,0.0391161968,1,,1.8,1.8,0,1.8,1.8,1,,0.0007040915,0.0007040915,0,0.0007040915,0.0007040915,1
135,136,,0.4847830984,0.4847830984,0.6302681766,0.0391161968,0.93045,2,,1.645,1.645,0.2192031022,1.49,1.8,2,,0.0072838983,0.0072838983,0.0093052519,0.0007040915,0.013863705,2
136,137,,0.4847830984,0.4847830984,0.6302681766,0.0391161968,0.93045,2,,1.645,1.645,0.2192031022,1.49,1.8,2,,0.0072838983,0.0072838983,0.0093052519,0.0007040915,0.013863705,2
137,138,,0.4847830984,0.4847830984,0.6302681766,0.0391161968,0.93045,2,,1.645,1.645,0.2192031022,1.49,1.8,2,,0.0072838983,0.0072838983,0.0093052519,0.0007040915,0.013863705,2
138,139,,0.4847830984,0.4847830984,0.6302681766,0.0391161968,0.93045,2,,1.645,1.645,0.2192031022,1.49,1.8,2,,0.0072838983,0.0072838983,0.0093052519,0.0007040915,0.013863705,2
139,140,,0.4847830984,0.4847830984,0.6302681766,0.0391161968,0.93045,2,,1.645,1.645,0.2192031022,1.49,1.8,2,,0.0072838983,0.0072838983,0.0093052519,0.0007040915,0.013863705,2
140,141,,0.7311810006,0.93045,0.5663843027,0.0920930017,1.171,3,,1.58,1.49,0.1915724406,1.45,1.8,3,,0.0108336263,0.013863705,0.0080978775,0.001657674,0.0169795,3
141,142,,0.7311810006,0.93045,0.5663843027,0.0920930017,1.171,3,,1.58,1.49,0.1915724406,1.45,1.8,3,,0.0108336263,0.013863705,0.0080978775,0.001657674,0.0169795,3
142,143,,0.6315465008,0.6315465008,0.7629024548,0.0920930017,1.171,2,,1.625,1.625,0.2474873734,1.45,1.8,2,,0.009318587,0.009318587,0.010834167,0.001657674,0.0169795,2
143,144,,0.6315465008,0.6315465008,0.7629024548,0.0920930017,1.171,2,,1.625,1.625,0.2474873734,1.45,1.8,2,,0.009318587,0.009318587,0.010834167,0.001657674,0.0169795,2
144,145,,0.6315465008,0.6315465008,0.7629024548,0.0920930017,1.171,2,,1.625,1.625,0.2474873734,1.45,1.8,2,,0.009318587,0.009318587,0.010834167,0.001657674,0.0169795,2
145,146,,0.6012965008,0.6012965008,0.7201224945,0.0920930017,1.1105,2,,1.635,1.635,0.2333452378,1.47,1.8,2,,0.008991012,0.008991012,0.010370906,0.001657674,0.01632435,2
146,147,,0.6012965008,0.6012965008,0.7201224945,0.0920930017,1.1105,2,,1.635,1.635,0.2333452378,1.47,1.8,2,,0.008991012,0.008991012,0.010370906,0.001657674,0.01632435,2
147,148,,0.6012965008,0.6012965008,0.7201224945,0.0920930017,1.1105,2,,1.635,1.635,0.2333452378,1.47,1.8,2,,0.008991012,0.008991012,0.010370906,0.001657674,0.01632435,2
148,149,,0.6012965008,0.6012965008,0.7201224945,0.0920930017,1.1105,2,,1.635,1.635,0.2333452378,1.47,1.8,2,,0.008991012,0.008991012,0.010370906,0.001657674,0.01632435,2
149,150,,0.6012965008,0.6012965008,0.7201224945,0.0920930017,1.1105,2,,1.635,1.635,0.2333452378,1.47,1.8,2,,0.008991012,0.008991012,0.010370906,0.001657674,0.01632435,2
150,151,,0.4486465008,0.4486465008,0.5042427942,0.0920930017,0.8052,2,,1.66,1.66,0.1979898987,1.52,1.8,2,,0.006948357,0.006948357,0.0074821556,0.001657674,0.01223904,2
151,152,,0.4486465008,0.4486465008,0.5042427942,0.0920930017,0.8052,2,,1.66,1.66,0.1979898987,1.52,1.8,2,,0.006948357,0.006948357,0.0074821556,0.001657674,0.01223904,2
152,153,,0.4486465008,0.4486465008,0.5042427942,0.0920930017,0.8052,2,,1.66,1.66,0.1979898987,1.52,1.8,2,,0.006948357,0.006948357,0.0074821556,0.001657674,0.01223904,2
153,154,,0.4486465008,0.4486465008,0.5042427942,0.0920930017,0.8052,2,,1.66,1.66,0.1979898987,1.52,1.8,2,,0.006948357,0.006948357,0.0074821556,0.001657674,0.01223904,2
154,155,,0.4486465008,0.4486465008,0.5042427942,0.0920930017,0.8052,2,,1.66,1.66,0.1979898987,1.52,1.8,2,,0.006948357,0.006948357,0.0074821556,0.001657674,0.01223904,2
155,156,,0.4496215008,0.4496215008,0.5056216524,0.0920930017,0.80715,2,,1.66,1.66,0.1979898987,1.52,1.8,2,,0.006963177,0.006963177,0.0075031143,0.001657674,0.01226868,2
156,157,,0.4496215008,0.4496215008,0.5056216524,0.0920930017,0.80715,2,,1.66,1.66,0.1979898987,1.52,1.8,2,,0.006963177,0.006963177,0.0075031143,0.001657674,0.01226868,2
157,158,,0.4496215008,0.4496215008,0.5056216524,0.0920930017,0.80715,2,,1.66,1.66,0.1979898987,1.52,1.8,2,,0.006963177,0.006963177,0.0075031143,0.001657674,0.01226868,2
158,159,,0.4496215008,0.4496215008,0.5056216524,0.0920930017,0.80715,2,,1.66,1.66,0.1979898987,1.52,1.8,2,,0.006963177,0.006963177,0.0075031143,0.001657674,0.01226868,2
159,160,,0.4496215008,0.4496215008,0.5056216524,0.0920930017,0.80715,2,,1.66,1.66,0.1979898987,1.52,1.8,2,,0.006963177,0.006963177,0.0075031143,0.001657674,0.01226868,2
160,161,,0.4496215008,0.4496215008,0.5056216524,0.0920930017,0.80715,2,,1.66,1.66,0.1979898987,1.52,1.8,2,,0.006963177,0.006963177,0.0075031143,0.001657674,0.01226868,2
161,162,,0.4496215008,0.4496215008,0.5056216524,0.0920930017,0.80715,2,,1.66,1.66,0.1979898987,1.52,1.8,2,,0.006963177,0.006963177,0.0075031143,0.001657674,0.01226868,2
162,163,,0.4496215008,0.4496215008,0.5056216524,0.0920930017,0.80715,2,,1.66,1.66,0.1979898987,1.52,1.8,2,,0.006963177,0.006963177,0.0075031143,0.001657674,0.01226868,2
163,164,,0.4496215008,0.4496215008,0.5056216524,0.0920930017,0.80715,2,,1.66,1.66,0.1979898987,1.52,1.8,2,,0.006963177,0.006963177,0.0075031143,0.001657674,0.01226868,2
164,165,,0.4496215008,0.4496215008,0.5056216524,0.0920930017,0.80715,2,,1.66,1.66,0.1979898987,1.52,1.8,2,,0.006963177,0.006963177,0.0075031143,0.001657674,0.01226868,2
165,166,,0.0920930017,0.0920930017,0,0.0920930017,0.0920930017,1,,1.8,1.8,0,1.8,1.8,1,,0.001657674,0.001657674,0,0.001657674,0.001657674,1
166,167,,0.0920930017,0.0920930017,0,0.0920930017,0.0920930017,1,,1.8,1.8,0,1.8,1.8,1,,0.001657674,0.001657674,0,0.001657674,0.001657674,1
167,168,,0.0920930017,0.0920930017,0,0.0920930017,0.0920930017,1,,1.8,1.8,0,1.8,1.8,1,,0.001657674,0.001657674,0,0.001657674,0.001657674,1
168,169,,0.0920930017,0.0920930017,0,0.0920930017,0.0920930017,1,,1.8,1.8,0,1.8,1.8,1,,0.001657674,0.001657674,0,0.001657674,0.001657674,1
169,170,,0.3362715008,0.3362715008,0.3453205451,0.0920930017,0.58045,2,,1.695,1.695,0.148492424,1.59,1.8,2,,0.0054434145,0.0054434145,0.0053538455,0.001657674,0.009229155,2
170,171,,0.3362715008,0.3362715008,0.3453205451,0.0920930017,0.58045,2,,1.695,1.695,0.148492424,1.59,1.8,2,,0.0054434145,0.0054434145,0.0053538455,0.001657674,0.009229155,2
171,172,,0.3362715008,0.3362715008,0.3453205451,0.0920930017,0.58045,2,,1.695,1.695,0.148492424,1.59,1.8,2,,0.0054434145,0.0054434145,0.0053538455,0.001657674,0.009229155,2
172,173,,0.3362715008,0.3362715008,0.3453205451,0.0920930017,0.58045,2,,1.695,1.695,0.148492424,1.59,1.8,2,,0.0054434145,0.0054434145,0.0053538455,0.001657674,0.009229155,2
173,174,,0.3362715008,0.3362715008,0.3453205451,0.0920930017,0.58045,2,,1.695,1.695,0.148492424,1.59,1.8,2,,0.0054434145,0.0054434145,0.0053538455,0.001657674,0.009229155,2
174,175,,0.5365143339,0.58045,0.4241635487,0.0920930017,0.937,3,,1.6466666667,1.59,0.1342882472,1.55,1.8,3,,0.0084701097,0.009229155,0.0064664118,0.001657674,0.0145235,3
175,176,,0.5365143339,0.58045,0.4241635487,0.0920930017,0.937,3,,1.6466666667,1.59,0.1342882472,1.55,1.8,3,,0.0084701097,0.009229155,0.0064664118,0.001657674,0.0145235,3
176,177,,0.5365143339,0.58045,0.4241635487,0.0920930017,0.937,3,,1.6466666667,1.59,0.1342882472,1.55,1.8,3,,0.0084701097,0.009229155,0.0064664118,0.001657674,0.0145235,3
177,178,,0.5365143339,0.58045,0.4241635487,0.0920930017,0.937,3,,1.6466666667,1.59,0.1342882472,1.55,1.8,3,,0.0084701097,0.009229155,0.0064664118,0.001657674,0.0145235,3
178,179,,0.5145465008,0.5145465008,0.597439468,0.0920930017,0.937,2,,1.675,1.675,0.1767766953,1.55,1.8,2,,0.008090587,0.008090587,0.0090975128,0.001657674,0.0145235,2
179,180,,0.5145465008,0.5145465008,0.597439468,0.0920930017,0.937,2,,1.675,1.675,0.1767766953,1.55,1.8,2,,0.008090587,0.008090587,0.0090975128,0.001657674,0.0145235,2
180,181,,0,0,0,0,0,0,,0,0,0,0,0,0,,0,0,0,0,0,0
181,182,,0,0,0,0,0,0,,0,0,0,0,0,0,,0,0,0,0,0,0
182,183,,0,0,0,0,0,0,,0,0,0,0,0,0,,0,0,0,0,0,0
183,184,,0,0,0,0,0,0,,0,0,0,0,0,0,,0,0,0,0,0,0
184,185,,1.05,1.05,0,1.05,1.05,1,,1.55,1.55,0,1.55,1.55,1,,0.016275,0.016275,0,0.016275,0.016275,1
185,186,,1.05,1.05,0,1.05,1.05,1,,1.55,1.55,0,1.55,1.55,1,,0.016275,0.016275,0,0.016275,0.016275,1
186,187,,1.05,1.05,0,1.05,1.05,1,,1.55,1.55,0,1.55,1.55,1,,0.016275,0.016275,0,0.016275,0.016275,1
187,188,,1.05,1.05,0,1.05,1.05,1,,1.55,1.55,0,1.55,1.55,1,,0.016275,0.016275,0,0.016275,0.016275,1
188,189,,1.05,1.05,0,1.05,1.05,1,,1.55,1.55,0,1.55,1.55,1,,0.016275,0.016275,0,0.016275,0.016275,1
189,190,,1.05,1.05,0,1.05,1.05,1,,1.55,1.55,0,1.55,1.55,1,,0.016275,0.016275,0,0.016275,0.016275,1
190,191,,1.05,1.05,0,1.05,1.05,1,,1.55,1.55,0,1.55,1.55,1,,0.016275,0.016275,0,0.016275,0.016275,1
191,192,,1.05,1.05,0,1.05,1.05,1,,1.55,1.55,0,1.55,1.55,1,,0.016275,0.016275,0,0.016275,0.016275,1
192,193,,1.05,1.05,0,1.05,1.05,1,,1.55,1.55,0,1.55,1.55,1,,0.016275,0.016275,0,0.016275,0.016275,1
193,194,,1.05,1.05,0,1.05,1.05,1,,1.55,1.55,0,1.55,1.55,1,,0.016275,0.016275,0,0.016275,0.016275,1
194,195,,1.05,1.05,0,1.05,1.05,1,,1.55,1.55,0,1.55,1.55,1,,0.016275,0.016275,0,0.016275,0.016275,1
195,196,,1.05,1.05,0,1.05,1.05,1,,1.55,1.55,0,1.55,1.55,1,,0.016275,0.016275,0,0.016275,0.016275,1
196,197,,1.05,1.05,0,1.05,1.05,1,,1.55,1.55,0,1.55,1.55,1,,0.016275,0.016275,0,0.016275,0.016275,1
197,198,,1.05,1.05,0,1.05,1.05,1,,1.55,1.55,0,1.55,1.55,1,,0.016275,0.016275,0,0.016275,0.016275,1
198,199,,1.05,1.05,0,1.05,1.05,1,,1.55,1.55,0,1.55,1.55,1,,0.016275,0.016275,0,0.016275,0.016275,1
199,200,,1.05,1.05,0,1.05,1.05,1,,1.55,1.55,0,1.55,1.55,1,,0.016275,0.016275,0,0.016275,0.016275,1
200,201,,1.05,1.05,0,1.05,1.05,1,,1.55,1.55,0,1.55,1.55,1,,0.016275,0.016275,0,0.016275,0.016275,1
